NÃºmero,Nome,Estrelas,url,PRs Aprovados ou Fechados
1,freeCodeCamp/freeCodeCamp,364309,https://github.com/freeCodeCamp/freeCodeCamp,32570
2,EbookFoundation/free-programming-books,275644,https://github.com/EbookFoundation/free-programming-books,8266
3,996icu/996.ICU,265528,https://github.com/996icu/996.ICU,1929
4,jwasham/coding-interview-university,254355,https://github.com/jwasham/coding-interview-university,871
5,sindresorhus/awesome,248742,https://github.com/sindresorhus/awesome,1848
6,kamranahmedse/developer-roadmap,236542,https://github.com/kamranahmedse/developer-roadmap,2224
7,public-apis/public-apis,235676,https://github.com/public-apis/public-apis,2810
8,donnemartin/system-design-primer,217366,https://github.com/donnemartin/system-design-primer,282
9,facebook/react,205639,https://github.com/facebook/react,13150
10,vuejs/vue,203128,https://github.com/vuejs/vue,2134
11,codecrafters-io/build-your-own-x,197282,https://github.com/codecrafters-io/build-your-own-x,197
12,tensorflow/tensorflow,173234,https://github.com/tensorflow/tensorflow,22608
13,trekhleb/javascript-algorithms,168269,https://github.com/trekhleb/javascript-algorithms,469
14,getify/You-Dont-Know-JS,166653,https://github.com/getify/You-Dont-Know-JS,824
15,vinta/awesome-python,163365,https://github.com/vinta/awesome-python,1455
16,CyC2018/CS-Notes,163287,https://github.com/CyC2018/CS-Notes,540
17,twbs/bootstrap,162840,https://github.com/twbs/bootstrap,14413
18,ohmyzsh/ohmyzsh,157549,https://github.com/ohmyzsh/ohmyzsh,6397
19,TheAlgorithms/Python,157088,https://github.com/TheAlgorithms/Python,6789
20,flutter/flutter,152112,https://github.com/flutter/flutter,42878
21,torvalds/linux,149474,https://github.com/torvalds/linux,451
22,github/gitignore,146741,https://github.com/github/gitignore,3800
23,microsoft/vscode,144850,https://github.com/microsoft/vscode,20030
24,ossu/computer-science,137659,https://github.com/ossu/computer-science,395
25,jlevy/the-art-of-command-line,134930,https://github.com/jlevy/the-art-of-command-line,452
26,jackfrued/Python-100-Days,133420,https://github.com/jackfrued/Python-100-Days,132
27,airbnb/javascript,133088,https://github.com/airbnb/javascript,1357
28,Snailclimb/JavaGuide,132769,https://github.com/Snailclimb/JavaGuide,1042
29,awesome-selfhosted/awesome-selfhosted,127214,https://github.com/awesome-selfhosted/awesome-selfhosted,2698
30,ytdl-org/youtube-dl,119422,https://github.com/ytdl-org/youtube-dl,3929
31,labuladong/fucking-algorithm,115331,https://github.com/labuladong/fucking-algorithm,429
32,30-seconds/30-seconds-of-code,110305,https://github.com/30-seconds/30-seconds-of-code,1483
33,golang/go,110149,https://github.com/golang/go,2586
34,facebook/react-native,108913,https://github.com/facebook/react-native,11970
35,electron/electron,106777,https://github.com/electron/electron,18953
36,d3/d3,104976,https://github.com/d3/d3,1114
37,vercel/next.js,104162,https://github.com/vercel/next.js,15019
38,justjavac/free-programming-books-zh_CN,101625,https://github.com/justjavac/free-programming-books-zh_CN,426
39,avelino/awesome-go,99666,https://github.com/avelino/awesome-go,4065
40,axios/axios,99657,https://github.com/axios/axios,1295
41,facebook/create-react-app,99433,https://github.com/facebook/create-react-app,3724
42,kubernetes/kubernetes,97366,https://github.com/kubernetes/kubernetes,73298
43,practical-tutorials/project-based-learning,97188,https://github.com/practical-tutorials/project-based-learning,307
44,trimstray/the-book-of-secret-knowledge,94999,https://github.com/trimstray/the-book-of-secret-knowledge,195
45,nodejs/node,94553,https://github.com/nodejs/node,29647
46,huggingface/transformers,92201,https://github.com/huggingface/transformers,11149
47,mrdoob/three.js,90679,https://github.com/mrdoob/three.js,13842
48,microsoft/TypeScript,90283,https://github.com/microsoft/TypeScript,15786
49,microsoft/PowerToys,89375,https://github.com/microsoft/PowerToys,4334
50,yangshun/tech-interview-handbook,89220,https://github.com/yangshun/tech-interview-handbook,499
51,denoland/deno,88885,https://github.com/denoland/deno,10005
52,goldbergyoni/nodebestpractices,88559,https://github.com/goldbergyoni/nodebestpractices,891
53,microsoft/terminal,88322,https://github.com/microsoft/terminal,3491
54,angular/angular,87412,https://github.com/angular/angular,23472
55,mui/material-ui,85735,https://github.com/mui/material-ui,18560
56,ant-design/ant-design,85360,https://github.com/ant-design/ant-design,13712
57,puppeteer/puppeteer,82645,https://github.com/puppeteer/puppeteer,3948
58,PanJiaChen/vue-element-admin,81743,https://github.com/PanJiaChen/vue-element-admin,472
59,ryanmcdermott/clean-code-javascript,81381,https://github.com/ryanmcdermott/clean-code-javascript,246
60,Genymobile/scrcpy,80854,https://github.com/Genymobile/scrcpy,323
61,iluwatar/java-design-patterns,80840,https://github.com/iluwatar/java-design-patterns,1624
62,rust-lang/rust,80122,https://github.com/rust-lang/rust,61288
63,storybookjs/storybook,77964,https://github.com/storybookjs/storybook,10123
64,animate-css/animate.css,77531,https://github.com/animate-css/animate.css,767
65,nvbn/thefuck,76812,https://github.com/nvbn/thefuck,593
66,tensorflow/models,75597,https://github.com/tensorflow/models,3561
67,gothinkster/realworld,73862,https://github.com/gothinkster/realworld,544
68,laravel/laravel,73114,https://github.com/laravel/laravel,4490
69,MisterBooo/LeetCodeAnimation,72789,https://github.com/MisterBooo/LeetCodeAnimation,74
70,FortAwesome/Font-Awesome,71244,https://github.com/FortAwesome/Font-Awesome,634
71,papers-we-love/papers-we-love,71187,https://github.com/papers-we-love/papers-we-love,497
72,mtdvio/every-programmer-should-know,70259,https://github.com/mtdvio/every-programmer-should-know,141
73,django/django,69804,https://github.com/django/django,16557
74,tonsky/FiraCode,69567,https://github.com/tonsky/FiraCode,176
75,doocs/advanced-java,69521,https://github.com/doocs/advanced-java,114
76,bitcoin/bitcoin,69009,https://github.com/bitcoin/bitcoin,18621
77,ripienaar/free-for-dev,68927,https://github.com/ripienaar/free-for-dev,2735
78,microsoft/Web-Dev-For-Beginners,68615,https://github.com/microsoft/Web-Dev-For-Beginners,704
79,vuejs/awesome-vue,68290,https://github.com/vuejs/awesome-vue,3736
80,opencv/opencv,67962,https://github.com/opencv/opencv,13638
81,gin-gonic/gin,67866,https://github.com/gin-gonic/gin,1369
82,521xueweihan/HelloGitHub,67281,https://github.com/521xueweihan/HelloGitHub,31
83,tailwindlabs/tailwindcss,67074,https://github.com/tailwindlabs/tailwindcss,2160
84,sveltejs/svelte,66902,https://github.com/sveltejs/svelte,3274
85,spring-projects/spring-boot,66572,https://github.com/spring-projects/spring-boot,5603
86,gohugoio/hugo,66465,https://github.com/gohugoio/hugo,4252
87,typicode/json-server,66359,https://github.com/typicode/json-server,268
88,fatedier/frp,66286,https://github.com/fatedier/frp,652
89,nvm-sh/nvm,66182,https://github.com/nvm-sh/nvm,958
90,moby/moby,65675,https://github.com/moby/moby,22845
91,pytorch/pytorch,65142,https://github.com/pytorch/pytorch,65083
92,thedaviddias/Front-End-Checklist,64756,https://github.com/thedaviddias/Front-End-Checklist,292
93,neovim/neovim,64730,https://github.com/neovim/neovim,13112
94,macrozheng/mall,64685,https://github.com/macrozheng/mall,99
95,f/awesome-chatgpt-prompts,64271,https://github.com/f/awesome-chatgpt-prompts,196
96,florinpop17/app-ideas,64055,https://github.com/florinpop17/app-ideas,274
97,iptv-org/iptv,63736,https://github.com/iptv-org/iptv,5792
98,Hack-with-Github/Awesome-Hacking,63602,https://github.com/Hack-with-Github/Awesome-Hacking,86
99,hakimel/reveal.js,63465,https://github.com/hakimel/reveal.js,920
100,elastic/elasticsearch,63324,https://github.com/elastic/elasticsearch,62526
101,webpack/webpack,62923,https://github.com/webpack/webpack,5935
102,netdata/netdata,62552,https://github.com/netdata/netdata,7273
103,pallets/flask,62534,https://github.com/pallets/flask,2357
104,AUTOMATIC1111/stable-diffusion-webui,62471,https://github.com/AUTOMATIC1111/stable-diffusion-webui,1568
105,apple/swift,62304,https://github.com/apple/swift,47252
106,tauri-apps/tauri,62130,https://github.com/tauri-apps/tauri,3245
107,GrowingGit/GitHub-Chinese-Top-Charts,61108,https://github.com/GrowingGit/GitHub-Chinese-Top-Charts,9
108,expressjs/express,60540,https://github.com/expressjs/express,1098
109,godotengine/godot,60285,https://github.com/godotengine/godot,32019
110,chartjs/Chart.js,60280,https://github.com/chartjs/Chart.js,3668
111,coder/code-server,59891,https://github.com/coder/code-server,1618
112,resume/resume.github.com,59740,https://github.com/resume/resume.github.com,170
113,kdn251/interviews,59547,https://github.com/kdn251/interviews,84
114,home-assistant/core,59531,https://github.com/home-assistant/core,52533
115,jaywcjlove/awesome-mac,59525,https://github.com/jaywcjlove/awesome-mac,794
116,reduxjs/redux,59452,https://github.com/reduxjs/redux,2400
117,redis/redis,59353,https://github.com/redis/redis,5349
118,atom/atom,59283,https://github.com/atom/atom,5249
119,angular/angular.js,59212,https://github.com/angular/angular.js,7923
120,protocolbuffers/protobuf,58917,https://github.com/protocolbuffers/protobuf,6601
121,adam-p/markdown-here,58549,https://github.com/adam-p/markdown-here,56
122,josephmisiti/awesome-machine-learning,58477,https://github.com/josephmisiti/awesome-machine-learning,835
123,socketio/socket.io,58009,https://github.com/socketio/socket.io,824
124,keras-team/keras,57876,https://github.com/keras-team/keras,6117
125,xingshaocheng/architect-awesome,57874,https://github.com/xingshaocheng/architect-awesome,63
126,jquery/jquery,57350,https://github.com/jquery/jquery,2826
127,ansible/ansible,56979,https://github.com/ansible/ansible,48587
128,h5bp/Front-end-Developer-Interview-Questions,56846,https://github.com/h5bp/Front-end-Developer-Interview-Questions,633
129,tiangolo/fastapi,56533,https://github.com/tiangolo/fastapi,1730
130,mermaid-js/mermaid,56420,https://github.com/mermaid-js/mermaid,1819
131,kelseyhightower/nocode,56391,https://github.com/kelseyhightower/nocode,137
132,shadowsocks/shadowsocks-windows,56286,https://github.com/shadowsocks/shadowsocks-windows,474
133,lodash/lodash,56046,https://github.com/lodash/lodash,1160
134,nestjs/nest,55827,https://github.com/nestjs/nest,6415
135,leonardomso/33-js-concepts,55734,https://github.com/leonardomso/33-js-concepts,213
136,vitejs/vite,55013,https://github.com/vitejs/vite,4230
137,grafana/grafana,54824,https://github.com/grafana/grafana,34364
138,apache/echarts,54776,https://github.com/apache/echarts,1519
139,enaqx/awesome-react,54689,https://github.com/enaqx/awesome-react,1101
140,chrislgarry/Apollo-11,54679,https://github.com/chrislgarry/Apollo-11,422
141,DopplerHQ/awesome-interview-questions,54666,https://github.com/DopplerHQ/awesome-interview-questions,207
142,Developer-Y/cs-video-courses,54444,https://github.com/Developer-Y/cs-video-courses,160
143,gatsbyjs/gatsby,54351,https://github.com/gatsbyjs/gatsby,21396
144,h5bp/html5-boilerplate,54207,https://github.com/h5bp/html5-boilerplate,1569
145,twitter/the-algorithm,53969,https://github.com/twitter/the-algorithm,287
146,anuraghazra/github-readme-stats,53958,https://github.com/anuraghazra/github-readme-stats,1213
147,lydiahallie/javascript-questions,53835,https://github.com/lydiahallie/javascript-questions,470
148,scikit-learn/scikit-learn,53759,https://github.com/scikit-learn/scikit-learn,14713
149,awesomedata/awesome-public-datasets,53711,https://github.com/awesomedata/awesome-public-datasets,276
150,ElemeFE/element,53254,https://github.com/ElemeFE/element,4762
151,strapi/strapi,53054,https://github.com/strapi/strapi,7584
152,Anduin2017/HowToCook,52818,https://github.com/Anduin2017/HowToCook,610
153,rails/rails,52622,https://github.com/rails/rails,30966
154,python/cpython,51851,https://github.com/python/cpython,38511
155,junegunn/fzf,51506,https://github.com/junegunn/fzf,663
156,spring-projects/spring-framework,51430,https://github.com/spring-projects/spring-framework,4020
157,apache/superset,51384,https://github.com/apache/superset,12858
158,TheAlgorithms/Java,51166,https://github.com/TheAlgorithms/Java,3052
159,sdmg15/Best-websites-a-programmer-should-visit,51148,https://github.com/sdmg15/Best-websites-a-programmer-should-visit,754
160,azl397985856/leetcode,50974,https://github.com/azl397985856/leetcode,303
161,Fndroid/clash_for_windows_pkg,50897,https://github.com/Fndroid/clash_for_windows_pkg,13
162,hoppscotch/hoppscotch,50870,https://github.com/hoppscotch/hoppscotch,1810
163,sindresorhus/awesome-nodejs,50647,https://github.com/sindresorhus/awesome-nodejs,1064
164,bradtraversy/design-resources-for-developers,50634,https://github.com/bradtraversy/design-resources-for-developers,1182
165,3b1b/manim,50602,https://github.com/3b1b/manim,772
166,syncthing/syncthing,50526,https://github.com/syncthing/syncthing,3710
167,Semantic-Org/Semantic-UI,50512,https://github.com/Semantic-Org/Semantic-UI,765
168,CompVis/stable-diffusion,50472,https://github.com/CompVis/stable-diffusion,61
169,tesseract-ocr/tesseract,50271,https://github.com/tesseract-ocr/tesseract,1507
170,scutan90/DeepLearning-500-questions,50269,https://github.com/scutan90/DeepLearning-500-questions,334
171,MunGell/awesome-for-beginners,50180,https://github.com/MunGell/awesome-for-beginners,1060
172,necolas/normalize.css,50120,https://github.com/necolas/normalize.css,356
173,remix-run/react-router,50081,https://github.com/remix-run/react-router,2810
174,microsoft/playwright,49553,https://github.com/microsoft/playwright,11427
175,psf/requests,49353,https://github.com/psf/requests,2298
176,ionic-team/ionic-framework,48912,https://github.com/ionic-team/ionic-framework,6170
177,fighting41love/funNLP,48767,https://github.com/fighting41love/funNLP,19
178,supabase/supabase,48206,https://github.com/supabase/supabase,5264
179,google/material-design-icons,47870,https://github.com/google/material-design-icons,150
180,ageitgey/face_recognition,47864,https://github.com/ageitgey/face_recognition,187
181,ventoy/Ventoy,47758,https://github.com/ventoy/Ventoy,360
182,prometheus/prometheus,47572,https://github.com/prometheus/prometheus,6609
183,microsoft/ML-For-Beginners,47524,https://github.com/microsoft/ML-For-Beginners,406
184,moment/moment,47315,https://github.com/moment/moment,1971
185,google/guava,47200,https://github.com/google/guava,1501
186,soimort/you-get,47101,https://github.com/soimort/you-get,924
187,jgthms/bulma,47030,https://github.com/jgthms/bulma,953
188,ReactiveX/RxJava,46914,https://github.com/ReactiveX/RxJava,3767
189,swisskyrepo/PayloadsAllTheThings,46889,https://github.com/swisskyrepo/PayloadsAllTheThings,542
190,obsproject/obs-studio,46798,https://github.com/obsproject/obs-studio,5179
191,scrapy/scrapy,46789,https://github.com/scrapy/scrapy,2792
192,caddyserver/caddy,46737,https://github.com/caddyserver/caddy,1924
193,ocornut/imgui,46668,https://github.com/ocornut/imgui,939
194,localstack/localstack,46653,https://github.com/localstack/localstack,3633
195,prakhar1989/awesome-courses,46591,https://github.com/prakhar1989/awesome-courses,249
196,jekyll/jekyll,46440,https://github.com/jekyll/jekyll,4251
197,NARKOZ/hacker-scripts,46383,https://github.com/NARKOZ/hacker-scripts,111
198,Solido/awesome-flutter,46293,https://github.com/Solido/awesome-flutter,858
199,excalidraw/excalidraw,46201,https://github.com/excalidraw/excalidraw,3632
200,wasabeef/awesome-android-ui,46022,https://github.com/wasabeef/awesome-android-ui,215
201,alacritty/alacritty,46000,https://github.com/alacritty/alacritty,1978
202,danielmiessler/SecLists,45895,https://github.com/danielmiessler/SecLists,611
203,git/git,45894,https://github.com/git/git,1142
204,fffaraz/awesome-cpp,45357,https://github.com/fffaraz/awesome-cpp,700
205,prettier/prettier,45299,https://github.com/prettier/prettier,8297
206,yt-dlp/yt-dlp,44909,https://github.com/yt-dlp/yt-dlp,1718
207,juliangarnier/anime,44894,https://github.com/juliangarnier/anime,136
208,Eugeny/tabby,44823,https://github.com/Eugeny/tabby,3429
209,minimaxir/big-list-of-naughty-strings,44721,https://github.com/minimaxir/big-list-of-naughty-strings,123
210,nuxt/nuxt,44688,https://github.com/nuxt/nuxt,3537
211,binhnguyennus/awesome-scalability,44571,https://github.com/binhnguyennus/awesome-scalability,65
212,serverless/serverless,44532,https://github.com/serverless/serverless,5208
213,JetBrains/kotlin,44358,https://github.com/JetBrains/kotlin,4942
214,deepfakes/faceswap,44354,https://github.com/deepfakes/faceswap,495
215,ziishaned/learn-regex,43904,https://github.com/ziishaned/learn-regex,159
216,square/okhttp,43816,https://github.com/square/okhttp,3804
217,tldr-pages/tldr,43789,https://github.com/tldr-pages/tldr,8848
218,facebook/docusaurus,43670,https://github.com/facebook/docusaurus,5315
219,DefinitelyTyped/DefinitelyTyped,43572,https://github.com/DefinitelyTyped/DefinitelyTyped,54955
220,meteor/meteor,43424,https://github.com/meteor/meteor,3458
221,etcd-io/etcd,43127,https://github.com/etcd-io/etcd,9329
222,cypress-io/cypress,43094,https://github.com/cypress-io/cypress,6438
223,TryGhost/Ghost,42888,https://github.com/TryGhost/Ghost,9903
224,ryanoasis/nerd-fonts,42874,https://github.com/ryanoasis/nerd-fonts,333
225,Textualize/rich,42853,https://github.com/Textualize/rich,912
226,iamkun/dayjs,42744,https://github.com/iamkun/dayjs,803
227,aymericdamien/TensorFlow-Examples,42687,https://github.com/aymericdamien/TensorFlow-Examples,112
228,algorithm-visualizer/algorithm-visualizer,42629,https://github.com/algorithm-visualizer/algorithm-visualizer,223
229,Alvin9999/new-pac,42544,https://github.com/Alvin9999/new-pac,3
230,vsouza/awesome-ios,42526,https://github.com/vsouza/awesome-ios,2648
231,traefik/traefik,42512,https://github.com/traefik/traefik,4412
232,android/architecture-samples,42506,https://github.com/android/architecture-samples,389
233,ColorlibHQ/AdminLTE,42381,https://github.com/ColorlibHQ/AdminLTE,2073
234,parcel-bundler/parcel,42224,https://github.com/parcel-bundler/parcel,2691
235,v2ray/v2ray-core,42147,https://github.com/v2ray/v2ray-core,524
236,babel/babel,42147,https://github.com/babel/babel,6239
237,bregman-arie/devops-exercises,42131,https://github.com/bregman-arie/devops-exercises,276
238,mozilla/pdf.js,42093,https://github.com/mozilla/pdf.js,7304
239,JuliaLang/julia,42033,https://github.com/JuliaLang/julia,25229
240,d2l-ai/d2l-zh,42029,https://github.com/d2l-ai/d2l-zh,1229
241,gogs/gogs,41934,https://github.com/gogs/gogs,2108
242,pi-hole/pi-hole,41875,https://github.com/pi-hole/pi-hole,2227
243,astaxie/build-web-application-with-golang,41861,https://github.com/astaxie/build-web-application-with-golang,880
244,ethereum/go-ethereum,41817,https://github.com/ethereum/go-ethereum,8497
245,facebook/jest,41790,https://github.com/facebook/jest,6567
246,karan/Projects,41757,https://github.com/karan/Projects,65
247,square/retrofit,41389,https://github.com/square/retrofit,1133
248,yarnpkg/yarn,41135,https://github.com/yarnpkg/yarn,2134
249,mastodon/mastodon,41127,https://github.com/mastodon/mastodon,13446
250,2dust/v2rayN,40959,https://github.com/2dust/v2rayN,193
251,k88hudson/git-flight-rules,40943,https://github.com/k88hudson/git-flight-rules,277
252,CorentinJ/Real-Time-Voice-Cloning,40861,https://github.com/CorentinJ/Real-Time-Voice-Cloning,112
253,justjavac/awesome-wechat-weapp,40731,https://github.com/justjavac/awesome-wechat-weapp,301
254,vercel/hyper,40669,https://github.com/vercel/hyper,3333
255,sharkdp/bat,40652,https://github.com/sharkdp/bat,1279
256,Avik-Jain/100-Days-Of-ML-Code,40567,https://github.com/Avik-Jain/100-Days-Of-ML-Code,20
257,oven-sh/bun,40537,https://github.com/oven-sh/bun,901
258,tiimgreen/github-cheat-sheet,40500,https://github.com/tiimgreen/github-cheat-sheet,153
259,rustdesk/rustdesk,40464,https://github.com/rustdesk/rustdesk,1409
260,typescript-cheatsheets/react,40453,https://github.com/typescript-cheatsheets/react,389
261,FiloSottile/mkcert,40365,https://github.com/FiloSottile/mkcert,103
262,x64dbg/x64dbg,40356,https://github.com/x64dbg/x64dbg,746
263,kamranahmedse/design-patterns-for-humans,40307,https://github.com/kamranahmedse/design-patterns-for-humans,69
264,sherlock-project/sherlock,40253,https://github.com/sherlock-project/sherlock,789
265,Dreamacro/clash,40005,https://github.com/Dreamacro/clash,439
266,bailicangdu/vue2-elm,39937,https://github.com/bailicangdu/vue2-elm,48
267,nwjs/nw.js,39560,https://github.com/nwjs/nw.js,811
268,pixijs/pixijs,39521,https://github.com/pixijs/pixijs,3530
269,marktext/marktext,39307,https://github.com/marktext/marktext,1007
270,chinese-poetry/chinese-poetry,39282,https://github.com/chinese-poetry/chinese-poetry,145
271,jgraph/drawio-desktop,39280,https://github.com/jgraph/drawio-desktop,27
272,Alamofire/Alamofire,39194,https://github.com/Alamofire/Alamofire,1015
273,commaai/openpilot,39098,https://github.com/commaai/openpilot,8625
274,ngosang/trackerslist,38993,https://github.com/ngosang/trackerslist,47
275,golang-standards/project-layout,38928,https://github.com/golang-standards/project-layout,78
276,Unitech/pm2,38869,https://github.com/Unitech/pm2,823
277,Dogfalo/materialize,38816,https://github.com/Dogfalo/materialize,1264
278,apache/dubbo,38724,https://github.com/apache/dubbo,5858
279,NationalSecurityAgency/ghidra,38724,https://github.com/NationalSecurityAgency/ghidra,850
280,styled-components/styled-components,38577,https://github.com/styled-components/styled-components,1219
281,iperov/DeepFaceLab,38501,https://github.com/iperov/DeepFaceLab,120
282,minio/minio,38451,https://github.com/minio/minio,9051
283,huginn/huginn,38078,https://github.com/huginn/huginn,1120
284,jakevdp/PythonDataScienceHandbook,38050,https://github.com/jakevdp/PythonDataScienceHandbook,91
285,dypsilon/frontend-dev-bookmarks,37990,https://github.com/dypsilon/frontend-dev-bookmarks,232
286,dcloudio/uni-app,37943,https://github.com/dcloudio/uni-app,311
287,rclone/rclone,37912,https://github.com/rclone/rclone,1970
288,pandas-dev/pandas,37902,https://github.com/pandas-dev/pandas,28123
289,PowerShell/PowerShell,37816,https://github.com/PowerShell/PowerShell,7489
290,discourse/discourse,37683,https://github.com/discourse/discourse,20451
291,grpc/grpc,37570,https://github.com/grpc/grpc,21650
292,youngyangyang04/leetcode-master,37551,https://github.com/youngyangyang04/leetcode-master,1811
293,isocpp/CppCoreGuidelines,37546,https://github.com/isocpp/CppCoreGuidelines,971
294,ultralytics/yolov5,37276,https://github.com/ultralytics/yolov5,2345
295,Leaflet/Leaflet,37258,https://github.com/Leaflet/Leaflet,3658
296,nektos/act,37208,https://github.com/nektos/act,770
297,impress/impress.js,37159,https://github.com/impress/impress.js,357
298,BurntSushi/ripgrep,37134,https://github.com/BurntSushi/ripgrep,649
299,yangshun/front-end-interview-handbook,37110,https://github.com/yangshun/front-end-interview-handbook,256
300,faif/python-patterns,37061,https://github.com/faif/python-patterns,320
301,google/zx,37000,https://github.com/google/zx,196
302,rust-lang/rustlings,36977,https://github.com/rust-lang/rustlings,979
303,hashicorp/terraform,36870,https://github.com/hashicorp/terraform,12840
304,vuetifyjs/vuetify,36867,https://github.com/vuetifyjs/vuetify,4320
305,GitSquared/edex-ui,36849,https://github.com/GitSquared/edex-ui,475
306,fastlane/fastlane,36839,https://github.com/fastlane/fastlane,7005
307,vuejs/core,36765,https://github.com/vuejs/core,3109
308,agalwood/Motrix,36629,https://github.com/agalwood/Motrix,230
309,hexojs/hexo,36552,https://github.com/hexojs/hexo,1132
310,FreeCodeCampChina/freecodecamp.cn,36475,https://github.com/FreeCodeCampChina/freecodecamp.cn,60
311,alex/what-happens-when,36397,https://github.com/alex/what-happens-when,168
312,wagoodman/dive,36379,https://github.com/wagoodman/dive,135
313,streamich/react-use,36355,https://github.com/streamich/react-use,1703
314,PhilJay/MPAndroidChart,36334,https://github.com/PhilJay/MPAndroidChart,368
315,poteto/hiring-without-whiteboards,36096,https://github.com/poteto/hiring-without-whiteboards,1313
316,akullpp/awesome-java,36082,https://github.com/akullpp/awesome-java,903
317,go-gitea/gitea,35854,https://github.com/go-gitea/gitea,12993
318,meilisearch/meilisearch,35649,https://github.com/meilisearch/meilisearch,1484
319,Homebrew/brew,35626,https://github.com/Homebrew/brew,10436
320,romkatv/powerlevel10k,35500,https://github.com/romkatv/powerlevel10k,188
321,apache/spark,35457,https://github.com/apache/spark,40480
322,FFmpeg/FFmpeg,35421,https://github.com/FFmpeg/FFmpeg,380
323,nocodb/nocodb,35358,https://github.com/nocodb/nocodb,2025
324,brillout/awesome-react-components,35357,https://github.com/brillout/awesome-react-components,347
325,laurent22/joplin,35335,https://github.com/laurent22/joplin,2775
326,videojs/video.js,35320,https://github.com/videojs/video.js,2973
327,php/php-src,35282,https://github.com/php/php-src,9231
328,RocketChat/Rocket.Chat,35246,https://github.com/RocketChat/Rocket.Chat,12751
329,gorhill/uBlock,35244,https://github.com/gorhill/uBlock,355
330,apachecn/ailearning,35104,https://github.com/apachecn/ailearning,528
331,slatedocs/slate,35090,https://github.com/slatedocs/slate,925
332,evanw/esbuild,35077,https://github.com/evanw/esbuild,323
333,chubin/cheat.sh,35058,https://github.com/chubin/cheat.sh,140
334,floodsung/Deep-Learning-Papers-Reading-Roadmap,35050,https://github.com/floodsung/Deep-Learning-Papers-Reading-Roadmap,50
335,iamadamdev/bypass-paywalls-chrome,35032,https://github.com/iamadamdev/bypass-paywalls-chrome,193
336,quilljs/quill,35023,https://github.com/quilljs/quill,495
337,kelseyhightower/kubernetes-the-hard-way,34963,https://github.com/kelseyhightower/kubernetes-the-hard-way,285
338,Asabeneh/30-Days-Of-JavaScript,34930,https://github.com/Asabeneh/30-Days-Of-JavaScript,333
339,serhii-londar/open-source-mac-os-apps,34901,https://github.com/serhii-londar/open-source-mac-os-apps,604
340,nolimits4web/swiper,34783,https://github.com/nolimits4web/swiper,770
341,0voice/interview_internal_reference,34739,https://github.com/0voice/interview_internal_reference,41
342,nodejs/node-v0.x-archive,34569,https://github.com/nodejs/node-v0.x-archive,3761
343,Kong/kong,34554,https://github.com/Kong/kong,5669
344,alvarotrigo/fullPage.js,34489,https://github.com/alvarotrigo/fullPage.js,487
345,lerna/lerna,34455,https://github.com/lerna/lerna,1155
346,google/styleguide,34411,https://github.com/google/styleguide,289
347,nlohmann/json,34405,https://github.com/nlohmann/json,895
348,dkhamsing/open-source-ios-apps,34348,https://github.com/dkhamsing/open-source-ios-apps,849
349,react-hook-form/react-hook-form,34292,https://github.com/react-hook-form/react-hook-form,2152
350,preactjs/preact,34228,https://github.com/preactjs/preact,1998
351,wg/wrk,34205,https://github.com/wg/wrk,70
352,jeecgboot/jeecg-boot,34193,https://github.com/jeecgboot/jeecg-boot,167
353,sahat/hackathon-starter,34079,https://github.com/sahat/hackathon-starter,570
354,topjohnwu/Magisk,34067,https://github.com/topjohnwu/Magisk,1885
355,skylot/jadx,34055,https://github.com/skylot/jadx,436
356,ant-design/ant-design-pro,34008,https://github.com/ant-design/ant-design-pro,1398
357,TanStack/query,33987,https://github.com/TanStack/query,1574
358,jesseduffield/lazygit,33950,https://github.com/jesseduffield/lazygit,1062
359,photonstorm/phaser,33932,https://github.com/photonstorm/phaser,2237
360,getsentry/sentry,33888,https://github.com/getsentry/sentry,39526
361,jgraph/drawio,33861,https://github.com/jgraph/drawio,148
362,koajs/koa,33855,https://github.com/koajs/koa,787
363,eugenp/tutorials,33852,https://github.com/eugenp/tutorials,13096
364,google-research/bert,33840,https://github.com/google-research/bert,104
365,rust-unofficial/awesome-rust,33838,https://github.com/rust-unofficial/awesome-rust,1341
366,pingcap/tidb,33833,https://github.com/pingcap/tidb,27411
367,airbnb/lottie-android,33770,https://github.com/airbnb/lottie-android,680
368,tabler/tabler,33677,https://github.com/tabler/tabler,643
369,microsoft/monaco-editor,33660,https://github.com/microsoft/monaco-editor,422
370,starship/starship,33638,https://github.com/starship/starship,2677
371,open-guides/og-aws,33610,https://github.com/open-guides/og-aws,571
372,exacity/deeplearningbook-chinese,33596,https://github.com/exacity/deeplearningbook-chinese,31
373,shadowsocks/shadowsocks-android,33579,https://github.com/shadowsocks/shadowsocks-android,369
374,AobingJava/JavaFamily,33532,https://github.com/AobingJava/JavaFamily,14
375,bumptech/glide,33514,https://github.com/bumptech/glide,805
376,AppFlowy-IO/AppFlowy,33507,https://github.com/AppFlowy-IO/AppFlowy,1204
377,adobe/brackets,33474,https://github.com/adobe/brackets,5438
378,AFNetworking/AFNetworking,33346,https://github.com/AFNetworking/AFNetworking,1499
379,shadowsocks/shadowsocks,33345,https://github.com/shadowsocks/shadowsocks,145
380,nativefier/nativefier,33327,https://github.com/nativefier/nativefier,321
381,vlang/v,33300,https://github.com/vlang/v,9580
382,BVLC/caffe,33239,https://github.com/BVLC/caffe,1955
383,dylanaraps/pure-bash-bible,33233,https://github.com/dylanaraps/pure-bash-bible,41
384,LeCoupa/awesome-cheatsheets,33107,https://github.com/LeCoupa/awesome-cheatsheets,200
385,zenorocha/clipboard.js,33066,https://github.com/zenorocha/clipboard.js,222
386,iina/iina,32964,https://github.com/iina/iina,802
387,GokuMohandas/Made-With-ML,32951,https://github.com/GokuMohandas/Made-With-ML,168
388,firstcontributions/first-contributions,32940,https://github.com/firstcontributions/first-contributions,65263
389,istio/istio,32758,https://github.com/istio/istio,26745
390,gulpjs/gulp,32741,https://github.com/gulpjs/gulp,661
391,jondot/awesome-react-native,32728,https://github.com/jondot/awesome-react-native,1004
392,NervJS/taro,32704,https://github.com/NervJS/taro,3403
393,SheetJS/sheetjs,32623,https://github.com/SheetJS/sheetjs,305
394,immutable-js/immutable-js,32534,https://github.com/immutable-js/immutable-js,692
395,satwikkansal/wtfpython,32527,https://github.com/satwikkansal/wtfpython,108
396,unknwon/the-way-to-go_ZH_CN,32495,https://github.com/unknwon/the-way-to-go_ZH_CN,686
397,formulahendry/955.WLB,32390,https://github.com/formulahendry/955.WLB,41
398,google/leveldb,32377,https://github.com/google/leveldb,277
399,openai/whisper,32339,https://github.com/openai/whisper,116
400,gto76/python-cheatsheet,32247,https://github.com/gto76/python-cheatsheet,71
401,type-challenges/type-challenges,32228,https://github.com/type-challenges/type-challenges,560
402,geekxh/hello-algorithm,32219,https://github.com/geekxh/hello-algorithm,30
403,jaredpalmer/formik,32187,https://github.com/jaredpalmer/formik,1076
404,google/material-design-lite,32167,https://github.com/google/material-design-lite,1153
405,xitu/gold-miner,32165,https://github.com/xitu/gold-miner,3897
406,alibaba/arthas,32144,https://github.com/alibaba/arthas,643
407,carbon-app/carbon,32144,https://github.com/carbon-app/carbon,776
408,chakra-ui/chakra-ui,32138,https://github.com/chakra-ui/chakra-ui,2822
409,go-gorm/gorm,32048,https://github.com/go-gorm/gorm,1130
410,Blankj/AndroidUtilCode,32016,https://github.com/Blankj/AndroidUtilCode,201
411,QSCTech/zju-icicles,32005,https://github.com/QSCTech/zju-icicles,219
412,louislam/uptime-kuma,31988,https://github.com/louislam/uptime-kuma,860
413,metabase/metabase,31987,https://github.com/metabase/metabase,16412
414,cli/cli,31978,https://github.com/cli/cli,2219
415,psf/black,31956,https://github.com/psf/black,1336
416,XX-net/XX-Net,31914,https://github.com/XX-net/XX-Net,481
417,koalaman/shellcheck,31855,https://github.com/koalaman/shellcheck,322
418,dbeaver/dbeaver,31490,https://github.com/dbeaver/dbeaver,3897
419,spf13/cobra,31433,https://github.com/spf13/cobra,856
420,dotnet/aspnetcore,31413,https://github.com/dotnet/aspnetcore,15077
421,pyenv/pyenv,31390,https://github.com/pyenv/pyenv,944
422,shadowsocks/ShadowsocksX-NG,31312,https://github.com/shadowsocks/ShadowsocksX-NG,113
423,date-fns/date-fns,31297,https://github.com/date-fns/date-fns,1392
424,bilibili/ijkplayer,31295,https://github.com/bilibili/ijkplayer,166
425,freeCodeCamp/devdocs,31248,https://github.com/freeCodeCamp/devdocs,833
426,Trinea/android-open-project,31203,https://github.com/Trinea/android-open-project,271
427,lencx/ChatGPT,31151,https://github.com/lencx/ChatGPT,121
428,acmesh-official/acme.sh,31057,https://github.com/acmesh-official/acme.sh,1682
429,blueimp/jQuery-File-Upload,31039,https://github.com/blueimp/jQuery-File-Upload,371
430,netty/netty,31012,https://github.com/netty/netty,7050
431,junegunn/vim-plug,30963,https://github.com/junegunn/vim-plug,234
432,typeorm/typeorm,30959,https://github.com/typeorm/typeorm,2510
433,testerSunshine/12306,30907,https://github.com/testerSunshine/12306,89
434,zxing/zxing,30893,https://github.com/zxing/zxing,346
435,openai/gym,30792,https://github.com/openai/gym,1438
436,massgravel/Microsoft-Activation-Scripts,30780,https://github.com/massgravel/Microsoft-Activation-Scripts,11
437,denysdovhan/wtfjs,30707,https://github.com/denysdovhan/wtfjs,164
438,mitmproxy/mitmproxy,30689,https://github.com/mitmproxy/mitmproxy,2534
439,ruanyf/weekly,30623,https://github.com/ruanyf/weekly,84
440,sorrycc/awesome-javascript,30528,https://github.com/sorrycc/awesome-javascript,716
441,appwrite/appwrite,30524,https://github.com/appwrite/appwrite,2451
442,microsoft/visual-chatgpt,30497,https://github.com/microsoft/visual-chatgpt,45
443,prisma/prisma,30472,https://github.com/prisma/prisma,5054
444,freefq/free,30345,https://github.com/freefq/free,12
445,fxsjy/jieba,30317,https://github.com/fxsjy/jieba,113
446,carbon-language/carbon-lang,30182,https://github.com/carbon-language/carbon-lang,1963
447,base-org/node,30129,https://github.com/base-org/node,25
448,naptha/tesseract.js,30116,https://github.com/naptha/tesseract.js,153
449,bannedbook/fanqiang,30084,https://github.com/bannedbook/fanqiang,9
450,DovAmir/awesome-design-patterns,30036,https://github.com/DovAmir/awesome-design-patterns,40
451,bayandin/awesome-awesomeness,30029,https://github.com/bayandin/awesome-awesomeness,390
452,vim/vim,29990,https://github.com/vim/vim,4903
453,rapid7/metasploit-framework,29958,https://github.com/rapid7/metasploit-framework,11964
454,aria2/aria2,29953,https://github.com/aria2/aria2,266
455,PlexPt/awesome-chatgpt-prompts-zh,29929,https://github.com/PlexPt/awesome-chatgpt-prompts-zh,37
456,certbot/certbot,29810,https://github.com/certbot/certbot,4422
457,Z4nzu/hackingtool,29797,https://github.com/Z4nzu/hackingtool,73
458,apache/airflow,29766,https://github.com/apache/airflow,20353
459,atlassian/react-beautiful-dnd,29729,https://github.com/atlassian/react-beautiful-dnd,876
460,sickcodes/Docker-OSX,29679,https://github.com/sickcodes/Docker-OSX,105
461,vuejs/vue-cli,29639,https://github.com/vuejs/vue-cli,1658
462,joshbuchea/HEAD,29635,https://github.com/joshbuchea/HEAD,142
463,beego/beego,29621,https://github.com/beego/beego,1899
464,pmndrs/zustand,29556,https://github.com/pmndrs/zustand,556
465,hasura/graphql-engine,29554,https://github.com/hasura/graphql-engine,3129
466,halfrost/LeetCode-Go,29492,https://github.com/halfrost/LeetCode-Go,196
467,PaddlePaddle/PaddleOCR,29490,https://github.com/PaddlePaddle/PaddleOCR,2404
468,markedjs/marked,29477,https://github.com/markedjs/marked,1381
469,n8n-io/n8n,29449,https://github.com/n8n-io/n8n,4715
470,foundation/foundation-sites,29440,https://github.com/foundation/foundation-sites,4081
471,Light-City/CPlusPlusThings,29424,https://github.com/Light-City/CPlusPlusThings,87
472,google/googletest,29388,https://github.com/google/googletest,1813
473,mqyqingfeng/Blog,29375,https://github.com/mqyqingfeng/Blog,3
474,withastro/astro,29360,https://github.com/withastro/astro,4050
475,laravel/framework,29298,https://github.com/laravel/framework,26880
476,CSSEGISandData/COVID-19,29280,https://github.com/CSSEGISandData/COVID-19,2487
477,ariya/phantomjs,29224,https://github.com/ariya/phantomjs,1137
478,curl/curl,29200,https://github.com/curl/curl,6628
479,typicode/husky,29199,https://github.com/typicode/husky,333
480,xkcoding/spring-boot-demo,29178,https://github.com/xkcoding/spring-boot-demo,47
481,docker/compose,29149,https://github.com/docker/compose,3534
482,lukehoban/es6features,29133,https://github.com/lukehoban/es6features,58
483,react-boilerplate/react-boilerplate,29088,https://github.com/react-boilerplate/react-boilerplate,1149
484,alibaba/p3c,29009,https://github.com/alibaba/p3c,106
485,mathiasbynens/dotfiles,28924,https://github.com/mathiasbynens/dotfiles,557
486,lib-pku/libpku,28810,https://github.com/lib-pku/libpku,29
487,ityouknow/spring-boot-examples,28778,https://github.com/ityouknow/spring-boot-examples,47
488,amix/vimrc,28749,https://github.com/amix/vimrc,227
489,odoo/odoo,28729,https://github.com/odoo/odoo,97099
490,mingrammer/diagrams,28726,https://github.com/mingrammer/diagrams,359
491,ReactiveX/rxjs,28694,https://github.com/ReactiveX/rxjs,3754
492,hankcs/HanLP,28657,https://github.com/hankcs/HanLP,122
493,elsewhencode/project-guidelines,28647,https://github.com/elsewhencode/project-guidelines,127
494,sudheerj/reactjs-interview-questions,28586,https://github.com/sudheerj/reactjs-interview-questions,161
495,huihut/interview,28538,https://github.com/huihut/interview,44
496,jgm/pandoc,28511,https://github.com/jgm/pandoc,1792
497,ziadoz/awesome-php,28487,https://github.com/ziadoz/awesome-php,962
498,google-research/google-research,28366,https://github.com/google-research/google-research,223
499,square/leakcanary,28355,https://github.com/square/leakcanary,976
500,tmux/tmux,28343,https://github.com/tmux/tmux,520
501,IanLunn/Hover,28341,https://github.com/IanLunn/Hover,47
502,PKUFlyingPig/cs-self-learning,28310,https://github.com/PKUFlyingPig/cs-self-learning,191
503,airbnb/lottie-web,28283,https://github.com/airbnb/lottie-web,179
504,PKUanonym/REKCARC-TSC-UHT,28264,https://github.com/PKUanonym/REKCARC-TSC-UHT,129
505,aosabook/500lines,28202,https://github.com/aosabook/500lines,203
506,symfony/symfony,28183,https://github.com/symfony/symfony,29589
507,tastejs/todomvc,28182,https://github.com/tastejs/todomvc,1248
508,shengxinjing/programmer-job-blacklist,28179,https://github.com/shengxinjing/programmer-job-blacklist,33
509,goabstract/Awesome-Design-Tools,28120,https://github.com/goabstract/Awesome-Design-Tools,315
510,codepath/android_guides,28077,https://github.com/codepath/android_guides,21
511,standard/standard,28074,https://github.com/standard/standard,646
512,niklasvh/html2canvas,28018,https://github.com/niklasvh/html2canvas,410
513,jashkenas/backbone,28011,https://github.com/jashkenas/backbone,1823
514,ClickHouse/ClickHouse,28005,https://github.com/ClickHouse/ClickHouse,32776
515,0xAX/linux-insides,28005,https://github.com/0xAX/linux-insides,645
516,vuejs/vuex,27995,https://github.com/vuejs/vuex,913
517,babysor/MockingBird,27969,https://github.com/babysor/MockingBird,75
518,TencentARC/GFPGAN,27961,https://github.com/TencentARC/GFPGAN,27
519,apolloconfig/apollo,27941,https://github.com/apolloconfig/apollo,1600
520,kenwheeler/slick,27918,https://github.com/kenwheeler/slick,479
521,caolan/async,27855,https://github.com/caolan/async,768
522,ccxt/ccxt,27827,https://github.com/ccxt/ccxt,8628
523,webtorrent/webtorrent,27748,https://github.com/webtorrent/webtorrent,861
524,bradtraversy/50projects50days,27740,https://github.com/bradtraversy/50projects50days,83
525,sequelize/sequelize,27733,https://github.com/sequelize/sequelize,5437
526,hpcaitech/ColossalAI,27732,https://github.com/hpcaitech/ColossalAI,2440
527,kodecocodes/swift-algorithm-club,27612,https://github.com/kodecocodes/swift-algorithm-club,766
528,Binaryify/NeteaseCloudMusicApi,27569,https://github.com/Binaryify/NeteaseCloudMusicApi,398
529,nomic-ai/gpt4all,27562,https://github.com/nomic-ai/gpt4all,43
530,Kong/insomnia,27555,https://github.com/Kong/insomnia,2345
531,composer/composer,27542,https://github.com/composer/composer,3708
532,hashicorp/vault,27482,https://github.com/hashicorp/vault,14178
533,openai/openai-cookbook,27445,https://github.com/openai/openai-cookbook,147
534,fengdu78/Coursera-ML-AndrewNg-Notes,27430,https://github.com/fengdu78/Coursera-ML-AndrewNg-Notes,19
535,geekcomputers/Python,27428,https://github.com/geekcomputers/Python,1450
536,alibaba/easyexcel,27410,https://github.com/alibaba/easyexcel,300
537,postcss/postcss,27384,https://github.com/postcss/postcss,864
538,herrbischoff/awesome-macos-command-line,27329,https://github.com/herrbischoff/awesome-macos-command-line,181
539,coreybutler/nvm-windows,27255,https://github.com/coreybutler/nvm-windows,137
540,httpie/httpie,27234,https://github.com/httpie/httpie,565
541,pcottle/learnGitBranching,27208,https://github.com/pcottle/learnGitBranching,591
542,files-community/Files,27190,https://github.com/files-community/Files,4209
543,donnemartin/interactive-coding-challenges,27150,https://github.com/donnemartin/interactive-coding-challenges,200
544,Homebrew/legacy-homebrew,27148,https://github.com/Homebrew/legacy-homebrew,33606
545,alebcay/awesome-shell,27116,https://github.com/alebcay/awesome-shell,374
546,yewstack/yew,27108,https://github.com/yewstack/yew,1827
547,WerWolv/ImHex,27107,https://github.com/WerWolv/ImHex,302
548,trailofbits/algo,27103,https://github.com/trailofbits/algo,665
549,solidjs/solid,27094,https://github.com/solidjs/solid,350
550,sharkdp/fd,27033,https://github.com/sharkdp/fd,533
551,VincentGarreau/particles.js,27033,https://github.com/VincentGarreau/particles.js,54
552,layui/layui,26990,https://github.com/layui/layui,386
553,fastify/fastify,26980,https://github.com/fastify/fastify,2714
554,crossoverJie/JCSprout,26961,https://github.com/crossoverJie/JCSprout,99
555,microsoft/calculator,26959,https://github.com/microsoft/calculator,1013
556,swc-project/swc,26949,https://github.com/swc-project/swc,4153
557,jashkenas/underscore,26922,https://github.com/jashkenas/underscore,1532
558,cockroachdb/cockroach,26921,https://github.com/cockroachdb/cockroach,48966
559,ianstormtaylor/slate,26814,https://github.com/ianstormtaylor/slate,2237
560,Advanced-Frontend/Daily-Interview-Question,26777,https://github.com/Advanced-Frontend/Daily-Interview-Question,23
561,ZuzooVn/machine-learning-for-software-engineers,26766,https://github.com/ZuzooVn/machine-learning-for-software-engineers,76
562,byoungd/English-level-up-tips,26766,https://github.com/byoungd/English-level-up-tips,28
563,alibaba/druid,26752,https://github.com/alibaba/druid,1167
564,Tencent/weui,26740,https://github.com/Tencent/weui,261
565,halo-dev/halo,26731,https://github.com/halo-dev/halo,1293
566,harness/drone,26712,https://github.com/harness/drone,1392
567,fzaninotto/Faker,26711,https://github.com/fzaninotto/Faker,1344
568,CMU-Perceptual-Computing-Lab/openpose,26700,https://github.com/CMU-Perceptual-Computing-Lab/openpose,229
569,transloadit/uppy,26690,https://github.com/transloadit/uppy,2367
570,sqlmapproject/sqlmap,26671,https://github.com/sqlmapproject/sqlmap,342
571,SortableJS/Sortable,26654,https://github.com/SortableJS/Sortable,466
572,houshanren/hangzhou_house_knowledge,26614,https://github.com/houshanren/hangzhou_house_knowledge,7
573,danielgindi/Charts,26590,https://github.com/danielgindi/Charts,801
574,zhongyang219/TrafficMonitor,26548,https://github.com/zhongyang219/TrafficMonitor,57
575,ibraheemdev/modern-unix,26366,https://github.com/ibraheemdev/modern-unix,20
576,mobxjs/mobx,26354,https://github.com/mobxjs/mobx,1213
577,vercel/swr,26325,https://github.com/vercel/swr,786
578,GoogleChrome/lighthouse,26317,https://github.com/GoogleChrome/lighthouse,5376
579,parallax/jsPDF,26308,https://github.com/parallax/jsPDF,1192
580,hashicorp/consul,26277,https://github.com/hashicorp/consul,11524
581,SeleniumHQ/selenium,26257,https://github.com/SeleniumHQ/selenium,2821
582,jesseduffield/lazydocker,26227,https://github.com/jesseduffield/lazydocker,173
583,kubernetes/minikube,26220,https://github.com/kubernetes/minikube,7723
584,cheeriojs/cheerio,26200,https://github.com/cheeriojs/cheerio,1973
585,slidevjs/slidev,26193,https://github.com/slidevjs/slidev,267
586,OAI/OpenAPI-Specification,26189,https://github.com/OAI/OpenAPI-Specification,1021
587,yunjey/pytorch-tutorial,26188,https://github.com/yunjey/pytorch-tutorial,48
588,nvie/gitflow,26173,https://github.com/nvie/gitflow,133
589,realpython/python-guide,26140,https://github.com/realpython/python-guide,827
590,Torantulino/Auto-GPT,26092,https://github.com/Torantulino/Auto-GPT,189
591,lyswhut/lx-music-desktop,26089,https://github.com/lyswhut/lx-music-desktop,54
592,TheAlgorithms/JavaScript,26086,https://github.com/TheAlgorithms/JavaScript,1086
593,jobbole/awesome-python-cn,26085,https://github.com/jobbole/awesome-python-cn,72
594,appsmithorg/appsmith,26074,https://github.com/appsmithorg/appsmith,8924
595,geekcompany/ResumeSample,26063,https://github.com/geekcompany/ResumeSample,8
596,angular/angular-cli,26043,https://github.com/angular/angular-cli,10416
597,alibaba/nacos,26034,https://github.com/alibaba/nacos,3238
598,rethinkdb/rethinkdb,26018,https://github.com/rethinkdb/rethinkdb,676
599,JedWatson/react-select,25976,https://github.com/JedWatson/react-select,1634
600,dromara/hutool,25965,https://github.com/dromara/hutool,746
601,nagadomi/waifu2x,25965,https://github.com/nagadomi/waifu2x,75
602,YMFE/yapi,25905,https://github.com/YMFE/yapi,217
603,binary-husky/chatgpt_academic,25850,https://github.com/binary-husky/chatgpt_academic,45
604,qiurunze123/miaosha,25814,https://github.com/qiurunze123/miaosha,68
605,codemirror/codemirror5,25804,https://github.com/codemirror/codemirror5,2841
606,lenve/vhr,25783,https://github.com/lenve/vhr,23
607,explosion/spaCy,25778,https://github.com/explosion/spaCy,3669
608,zsh-users/zsh-autosuggestions,25777,https://github.com/zsh-users/zsh-autosuggestions,162
609,gofiber/fiber,25717,https://github.com/gofiber/fiber,1291
610,github/fetch,25688,https://github.com/github/fetch,301
611,facebookresearch/Detectron,25663,https://github.com/facebookresearch/Detectron,77
612,JakeWharton/butterknife,25634,https://github.com/JakeWharton/butterknife,473
613,The-Run-Philosophy-Organization/run,25618,https://github.com/The-Run-Philosophy-Organization/run,212
614,request/request,25612,https://github.com/request/request,1144
615,select2/select2,25582,https://github.com/select2/select2,1471
616,coolsnowwolf/lede,25547,https://github.com/coolsnowwolf/lede,3091
617,ajaxorg/ace,25543,https://github.com/ajaxorg/ace,2004
618,Automattic/mongoose,25542,https://github.com/Automattic/mongoose,2963
619,digitalocean/nginxconfig.io,25522,https://github.com/digitalocean/nginxconfig.io,205
620,photoprism/photoprism,25496,https://github.com/photoprism/photoprism,573
621,GitbookIO/gitbook,25483,https://github.com/GitbookIO/gitbook,322
622,CamDavidsonPilon/Probabilistic-Programming-and-Bayesian-Methods-for-Hackers,25480,https://github.com/CamDavidsonPilon/Probabilistic-Programming-and-Bayesian-Methods-for-Hackers,271
623,alibaba/canal,25478,https://github.com/alibaba/canal,556
624,Modernizr/Modernizr,25445,https://github.com/Modernizr/Modernizr,1195
625,pmndrs/react-spring,25443,https://github.com/pmndrs/react-spring,496
626,ehang-io/nps,25382,https://github.com/ehang-io/nps,86
627,labstack/echo,25379,https://github.com/labstack/echo,867
628,wuyouzhuguli/SpringAll,25358,https://github.com/wuyouzhuguli/SpringAll,10
629,encode/django-rest-framework,25325,https://github.com/encode/django-rest-framework,4449
630,alibaba/spring-cloud-alibaba,25319,https://github.com/alibaba/spring-cloud-alibaba,1166
631,balena-io/etcher,25303,https://github.com/balena-io/etcher,1981
632,jamiebuilds/the-super-tiny-compiler,25263,https://github.com/jamiebuilds/the-super-tiny-compiler,47
633,alibaba/fastjson,25259,https://github.com/alibaba/fastjson,682
634,influxdata/influxdb,25229,https://github.com/influxdata/influxdb,10928
635,viraptor/reverse-interview,25212,https://github.com/viraptor/reverse-interview,78
636,rstacruz/nprogress,25196,https://github.com/rstacruz/nprogress,63
637,portainer/portainer,25141,https://github.com/portainer/portainer,3734
638,mattermost/mattermost-server,25138,https://github.com/mattermost/mattermost-server,15253
639,remy/nodemon,25125,https://github.com/remy/nodemon,504
640,hashicorp/vagrant,25104,https://github.com/hashicorp/vagrant,3660
641,floating-ui/floating-ui,25075,https://github.com/floating-ui/floating-ui,952
642,AllThingsSmitty/css-protips,25073,https://github.com/AllThingsSmitty/css-protips,95
643,proxyee-down-org/proxyee-down,25072,https://github.com/proxyee-down-org/proxyee-down,34
644,qishibo/AnotherRedisDesktopManager,25068,https://github.com/qishibo/AnotherRedisDesktopManager,182
645,lukasz-madon/awesome-remote-job,25049,https://github.com/lukasz-madon/awesome-remote-job,749
646,lapce/lapce,25048,https://github.com/lapce/lapce,892
647,ray-project/ray,25028,https://github.com/ray-project/ray,20315
648,immerjs/immer,24999,https://github.com/immerjs/immer,428
649,ageron/handson-ml,24999,https://github.com/ageron/handson-ml,104
650,veggiemonk/awesome-docker,24985,https://github.com/veggiemonk/awesome-docker,942
651,facebook/folly,24959,https://github.com/facebook/folly,837
652,lovell/sharp,24954,https://github.com/lovell/sharp,369
653,facebook/rocksdb,24943,https://github.com/facebook/rocksdb,7985
654,donnemartin/data-science-ipython-notebooks,24873,https://github.com/donnemartin/data-science-ipython-notebooks,42
655,bvaughn/react-virtualized,24843,https://github.com/bvaughn/react-virtualized,562
656,ryanhanwu/How-To-Ask-Questions-The-Smart-Way,24843,https://github.com/ryanhanwu/How-To-Ask-Questions-The-Smart-Way,102
657,AMAI-GmbH/AI-Expert-Roadmap,24825,https://github.com/AMAI-GmbH/AI-Expert-Roadmap,14
658,go-kit/kit,24813,https://github.com/go-kit/kit,638
659,ggreer/the_silver_searcher,24794,https://github.com/ggreer/the_silver_searcher,566
660,cfenollosa/os-tutorial,24773,https://github.com/cfenollosa/os-tutorial,50
661,nylas/nylas-mail,24735,https://github.com/nylas/nylas-mail,228
662,dwmkerr/hacker-laws,24719,https://github.com/dwmkerr/hacker-laws,190
663,ycm-core/YouCompleteMe,24703,https://github.com/ycm-core/YouCompleteMe,954
664,yuzu-emu/yuzu,24692,https://github.com/yuzu-emu/yuzu,5951
665,huggingface/pytorch-image-models,24679,https://github.com/huggingface/pytorch-image-models,307
666,stedolan/jq,24671,https://github.com/stedolan/jq,439
667,cmderdev/cmder,24662,https://github.com/cmderdev/cmder,556
668,apache/kafka,24608,https://github.com/apache/kafka,12489
669,python-poetry/poetry,24577,https://github.com/python-poetry/poetry,2215
670,SDWebImage/SDWebImage,24550,https://github.com/SDWebImage/SDWebImage,1280
671,hollischuang/toBeTopJavaer,24550,https://github.com/hollischuang/toBeTopJavaer,70
672,tj/commander.js,24539,https://github.com/tj/commander.js,894
673,ageron/handson-ml2,24538,https://github.com/ageron/handson-ml2,119
674,powerline/fonts,24504,https://github.com/powerline/fonts,108
675,fabricjs/fabric.js,24497,https://github.com/fabricjs/fabric.js,2441
676,tqdm/tqdm,24466,https://github.com/tqdm/tqdm,413
677,SerenityOS/serenity,24461,https://github.com/SerenityOS/serenity,14788
678,mbeaudru/modern-js-cheatsheet,24461,https://github.com/mbeaudru/modern-js-cheatsheet,87
679,dokku/dokku,24460,https://github.com/dokku/dokku,2998
680,hwchase17/langchain,24447,https://github.com/hwchase17/langchain,1636
681,yichengchen/clashX,24442,https://github.com/yichengchen/clashX,51
682,facebookresearch/fastText,24417,https://github.com/facebookresearch/fastText,169
683,terryum/awesome-deep-learning-papers,24396,https://github.com/terryum/awesome-deep-learning-papers,54
684,akveo/ngx-admin,24393,https://github.com/akveo/ngx-admin,902
685,google/python-fire,24330,https://github.com/google/python-fire,135
686,greenrobot/EventBus,24315,https://github.com/greenrobot/EventBus,86
687,facebookresearch/detectron2,24312,https://github.com/facebookresearch/detectron2,532
688,remoteintech/remote-jobs,24292,https://github.com/remoteintech/remote-jobs,1419
689,dani-garcia/vaultwarden,24249,https://github.com/dani-garcia/vaultwarden,716
690,facebookresearch/segment-anything,24205,https://github.com/facebookresearch/segment-anything,20
691,nushell/nushell,24164,https://github.com/nushell/nushell,4826
692,sindresorhus/awesome-electron,24156,https://github.com/sindresorhus/awesome-electron,650
693,scwang90/SmartRefreshLayout,24118,https://github.com/scwang90/SmartRefreshLayout,20
694,trpc/trpc,24115,https://github.com/trpc/trpc,2887
695,helm/helm,24107,https://github.com/helm/helm,4533
696,pjreddie/darknet,24035,https://github.com/pjreddie/darknet,96
697,alist-org/alist,24035,https://github.com/alist-org/alist,350
698,GorvGoyl/Clone-Wars,24027,https://github.com/GorvGoyl/Clone-Wars,117
699,eugeneyan/applied-ml,24025,https://github.com/eugeneyan/applied-ml,220
700,kilimchoi/engineering-blogs,24024,https://github.com/kilimchoi/engineering-blogs,936
701,xuxueli/xxl-job,24019,https://github.com/xuxueli/xxl-job,296
702,iview/iview,24018,https://github.com/iview/iview,956
703,johnpapa/angular-styleguide,24002,https://github.com/johnpapa/angular-styleguide,427
704,DIYgod/RSSHub,23983,https://github.com/DIYgod/RSSHub,7838
705,dmlc/xgboost,23980,https://github.com/dmlc/xgboost,4192
706,TheAlgorithms/C-Plus-Plus,23971,https://github.com/TheAlgorithms/C-Plus-Plus,2161
707,Ebazhanov/linkedin-skill-assessments-quizzes,23921,https://github.com/Ebazhanov/linkedin-skill-assessments-quizzes,4762
708,airbnb/lottie-ios,23891,https://github.com/airbnb/lottie-ios,715
709,ShareX/ShareX,23888,https://github.com/ShareX/ShareX,1020
710,dair-ai/Prompt-Engineering-Guide,23856,https://github.com/dair-ai/Prompt-Engineering-Guide,72
711,kataras/iris,23844,https://github.com/kataras/iris,423
712,streamlit/streamlit,23843,https://github.com/streamlit/streamlit,3169
713,wesbos/JavaScript30,23769,https://github.com/wesbos/JavaScript30,554
714,pypa/pipenv,23756,https://github.com/pypa/pipenv,1656
715,zeromicro/go-zero,23729,https://github.com/zeromicro/go-zero,1789
716,fastai/fastai,23723,https://github.com/fastai/fastai,2164
717,open-mmlab/mmdetection,23712,https://github.com/open-mmlab/mmdetection,2717
718,swagger-api/swagger-ui,23674,https://github.com/swagger-api/swagger-ui,3285
719,littlecodersh/ItChat,23644,https://github.com/littlecodersh/ItChat,91
720,seata/seata,23619,https://github.com/seata/seata,2201
721,emscripten-core/emscripten,23583,https://github.com/emscripten-core/emscripten,10487
722,jaywcjlove/linux-command,23557,https://github.com/jaywcjlove/linux-command,329
723,AykutSarac/jsoncrack.com,23553,https://github.com/AykutSarac/jsoncrack.com,100
724,acheong08/ChatGPT,23550,https://github.com/acheong08/ChatGPT,280
725,react-native-elements/react-native-elements,23523,https://github.com/react-native-elements/react-native-elements,1594
726,vuejs/devtools,23521,https://github.com/vuejs/devtools,382
727,mongodb/mongo,23520,https://github.com/mongodb/mongo,1448
728,signalapp/Signal-Android,23519,https://github.com/signalapp/Signal-Android,2662
729,statelyai/xstate,23510,https://github.com/statelyai/xstate,1534
730,Asabeneh/30-Days-Of-Python,23499,https://github.com/Asabeneh/30-Days-Of-Python,125
731,CymChad/BaseRecyclerViewAdapterHelper,23495,https://github.com/CymChad/BaseRecyclerViewAdapterHelper,264
732,hammerjs/hammer.js,23490,https://github.com/hammerjs/hammer.js,216
733,VundleVim/Vundle.vim,23473,https://github.com/VundleVim/Vundle.vim,198
734,sampotts/plyr,23473,https://github.com/sampotts/plyr,507
735,Pierian-Data/Complete-Python-3-Bootcamp,23470,https://github.com/Pierian-Data/Complete-Python-3-Bootcamp,123
736,alpinejs/alpine,23465,https://github.com/alpinejs/alpine,724
737,angular/components,23423,https://github.com/angular/components,12645
738,OWASP/CheatSheetSeries,23411,https://github.com/OWASP/CheatSheetSeries,754
739,ascoders/weekly,23409,https://github.com/ascoders/weekly,140
740,beurtschipper/Depix,23393,https://github.com/beurtschipper/Depix,27
741,nsqio/nsq,23380,https://github.com/nsqio/nsq,793
742,haizlin/fe-interview,23378,https://github.com/haizlin/fe-interview,14
743,feathericons/feather,23339,https://github.com/feathericons/feather,468
744,Netflix/Hystrix,23301,https://github.com/Netflix/Hystrix,753
745,TeamNewPipe/NewPipe,23296,https://github.com/TeamNewPipe/NewPipe,1893
746,alibaba/flutter-go,23290,https://github.com/alibaba/flutter-go,185
747,ReactiveX/RxSwift,23262,https://github.com/ReactiveX/RxSwift,1252
748,charlax/professional-programming,23253,https://github.com/charlax/professional-programming,42
749,quasarframework/quasar,23248,https://github.com/quasarframework/quasar,4282
750,rollup/rollup,23247,https://github.com/rollup/rollup,1891
751,gitlabhq/gitlabhq,23209,https://github.com/gitlabhq/gitlabhq,3608
752,mdbootstrap/mdb-ui-kit,23208,https://github.com/mdbootstrap/mdb-ui-kit,335
753,doczjs/docz,23191,https://github.com/doczjs/docz,485
754,numpy/numpy,23180,https://github.com/numpy/numpy,11975
755,michalsnik/aos,23173,https://github.com/michalsnik/aos,109
756,bevyengine/bevy,23168,https://github.com/bevyengine/bevy,4109
757,matteocrippa/awesome-swift,23162,https://github.com/matteocrippa/awesome-swift,1668
758,docsifyjs/docsify,23161,https://github.com/docsifyjs/docsify,712
759,rome/tools,23158,https://github.com/rome/tools,2857
760,zhiwehu/Python-programming-exercises,23137,https://github.com/zhiwehu/Python-programming-exercises,20
761,qianguyihao/Web,23127,https://github.com/qianguyihao/Web,66
762,heartcombo/devise,23106,https://github.com/heartcombo/devise,1338
763,dnSpy/dnSpy,23101,https://github.com/dnSpy/dnSpy,83
764,vercel/pkg,23088,https://github.com/vercel/pkg,264
765,pnpm/pnpm,23086,https://github.com/pnpm/pnpm,2427
766,remix-run/remix,23039,https://github.com/remix-run/remix,2694
767,CodeHubApp/CodeHub,23014,https://github.com/CodeHubApp/CodeHub,21
768,datasciencemasters/go,22967,https://github.com/datasciencemasters/go,75
769,StreisandEffect/streisand,22952,https://github.com/StreisandEffect/streisand,622
770,pure-css/pure,22938,https://github.com/pure-css/pure,529
771,getredash/redash,22934,https://github.com/getredash/redash,3389
772,openfaas/faas,22931,https://github.com/openfaas/faas,910
773,mbadolato/iTerm2-Color-Schemes,22920,https://github.com/mbadolato/iTerm2-Color-Schemes,303
774,matterport/Mask_RCNN,22916,https://github.com/matterport/Mask_RCNN,162
775,dotnet-architecture/eShopOnContainers,22912,https://github.com/dotnet-architecture/eShopOnContainers,789
776,syl20bnr/spacemacs,22903,https://github.com/syl20bnr/spacemacs,7508
777,ramda/ramda,22875,https://github.com/ramda/ramda,1706
778,kahun/awesome-sysadmin,22873,https://github.com/kahun/awesome-sysadmin,300
779,servo/servo,22872,https://github.com/servo/servo,17679
780,taichi-dev/taichi,22846,https://github.com/taichi-dev/taichi,5310
781,coder2gwy/coder2gwy,22829,https://github.com/coder2gwy/coder2gwy,3
782,inconshreveable/ngrok,22806,https://github.com/inconshreveable/ngrok,64
783,Wox-launcher/Wox,22791,https://github.com/Wox-launcher/Wox,452
784,Kr328/ClashForAndroid,22787,https://github.com/Kr328/ClashForAndroid,58
785,k3s-io/k3s,22781,https://github.com/k3s-io/k3s,2695
786,qier222/YesPlayMusic,22779,https://github.com/qier222/YesPlayMusic,358
787,StevenBlack/hosts,22767,https://github.com/StevenBlack/hosts,594
788,reduxjs/react-redux,22750,https://github.com/reduxjs/react-redux,726
789,dimsemenov/PhotoSwipe,22740,https://github.com/dimsemenov/PhotoSwipe,223
790,android/architecture-components-samples,22710,https://github.com/android/architecture-components-samples,330
791,docker/awesome-compose,22688,https://github.com/docker/awesome-compose,206
792,vapor/vapor,22684,https://github.com/vapor/vapor,1362
793,neoclide/coc.nvim,22600,https://github.com/neoclide/coc.nvim,1112
794,nicolargo/glances,22594,https://github.com/nicolargo/glances,627
795,spf13/viper,22591,https://github.com/spf13/viper,543
796,google/jax,22573,https://github.com/google/jax,9343
797,ApolloAuto/apollo,22571,https://github.com/ApolloAuto/apollo,10839
798,balderdashy/sails,22558,https://github.com/balderdashy/sails,852
799,pbatard/rufus,22552,https://github.com/pbatard/rufus,189
800,geekan/HowToLiveLonger,22519,https://github.com/geekan/HowToLiveLonger,15
801,eslint/eslint,22508,https://github.com/eslint/eslint,6676
802,MostlyAdequate/mostly-adequate-guide,22483,https://github.com/MostlyAdequate/mostly-adequate-guide,351
803,guzzle/guzzle,22475,https://github.com/guzzle/guzzle,1301
804,sirupsen/logrus,22462,https://github.com/sirupsen/logrus,648
805,emberjs/ember.js,22444,https://github.com/emberjs/ember.js,10023
806,redux-saga/redux-saga,22436,https://github.com/redux-saga/redux-saga,870
807,keon/algorithms,22421,https://github.com/keon/algorithms,600
808,ovity/octotree,22417,https://github.com/ovity/octotree,385
809,pocketbase/pocketbase,22412,https://github.com/pocketbase/pocketbase,118
810,NativeScript/NativeScript,22402,https://github.com/NativeScript/NativeScript,3457
811,github/hub,22373,https://github.com/github/hub,773
812,codex-team/editor.js,22363,https://github.com/codex-team/editor.js,898
813,facebookarchive/draft-js,22363,https://github.com/facebookarchive/draft-js,1201
814,discordjs/discord.js,22362,https://github.com/discordjs/discord.js,4933
815,fouber/blog,22350,https://github.com/fouber/blog,6
816,react-navigation/react-navigation,22327,https://github.com/react-navigation/react-navigation,1645
817,Lightning-AI/lightning,22316,https://github.com/Lightning-AI/lightning,8663
818,MichaelCade/90DaysOfDevOps,22314,https://github.com/MichaelCade/90DaysOfDevOps,302
819,microsoft/cascadia-code,22295,https://github.com/microsoft/cascadia-code,89
820,rwaldron/idiomatic.js,22262,https://github.com/rwaldron/idiomatic.js,155
821,schollz/croc,22255,https://github.com/schollz/croc,171
822,viatsko/awesome-vscode,22241,https://github.com/viatsko/awesome-vscode,278
823,t4t5/sweetalert,22237,https://github.com/t4t5/sweetalert,257
824,markerikson/react-redux-links,22179,https://github.com/markerikson/react-redux-links,86
825,Igglybuff/awesome-piracy,22171,https://github.com/Igglybuff/awesome-piracy,298
826,yeasy/docker_practice,22168,https://github.com/yeasy/docker_practice,312
827,Awesome-Windows/Awesome,22165,https://github.com/Awesome-Windows/Awesome,289
828,deezer/spleeter,22145,https://github.com/deezer/spleeter,89
829,zloirock/core-js,22142,https://github.com/zloirock/core-js,309
830,pmndrs/react-three-fiber,22134,https://github.com/pmndrs/react-three-fiber,578
831,github/copilot-docs,22088,https://github.com/github/copilot-docs,20
832,localForage/localForage,22088,https://github.com/localForage/localForage,337
833,Tencent/wepy,22080,https://github.com/Tencent/wepy,661
834,eriklindernoren/ML-From-Scratch,22057,https://github.com/eriklindernoren/ML-From-Scratch,17
835,LAION-AI/Open-Assistant,22041,https://github.com/LAION-AI/Open-Assistant,1305
836,bilibili/flv.js,22034,https://github.com/bilibili/flv.js,52
837,nextcloud/server,22020,https://github.com/nextcloud/server,20467
838,google/gson,22014,https://github.com/google/gson,675
839,mpv-player/mpv,22008,https://github.com/mpv-player/mpv,3018
840,ipfs/ipfs,21996,https://github.com/ipfs/ipfs,153
841,harvesthq/chosen,21989,https://github.com/harvesthq/chosen,707
842,facebook/flow,21976,https://github.com/facebook/flow,2218
843,mochajs/mocha,21968,https://github.com/mochajs/mocha,2006
844,usablica/intro.js,21953,https://github.com/usablica/intro.js,1084
845,tachiyomiorg/tachiyomi,21950,https://github.com/tachiyomiorg/tachiyomi,2121
846,Polymer/polymer,21934,https://github.com/Polymer/polymer,1426
847,v2fly/v2ray-core,21933,https://github.com/v2fly/v2ray-core,890
848,lutzroeder/netron,21928,https://github.com/lutzroeder/netron,148
849,OpenZeppelin/openzeppelin-contracts,21908,https://github.com/OpenZeppelin/openzeppelin-contracts,2409
850,DrKLO/Telegram,21889,https://github.com/DrKLO/Telegram,360
851,ggerganov/llama.cpp,21884,https://github.com/ggerganov/llama.cpp,294
852,marmelab/react-admin,21874,https://github.com/marmelab/react-admin,4676
853,SwiftyJSON/SwiftyJSON,21868,https://github.com/SwiftyJSON/SwiftyJSON,396
854,GitHubDaily/GitHubDaily,21851,https://github.com/GitHubDaily/GitHubDaily,9
855,conwnet/github1s,21850,https://github.com/conwnet/github1s,285
856,kriasoft/react-starter-kit,21847,https://github.com/kriasoft/react-starter-kit,838
857,wangzheng0822/algo,21842,https://github.com/wangzheng0822/algo,359
858,withfig/autocomplete,21803,https://github.com/withfig/autocomplete,1364
859,homebridge/homebridge,21781,https://github.com/homebridge/homebridge,370
860,tmrts/go-patterns,21773,https://github.com/tmrts/go-patterns,43
861,envoyproxy/envoy,21772,https://github.com/envoyproxy/envoy,17472
862,felixrieseberg/windows95,21750,https://github.com/felixrieseberg/windows95,52
863,doocs/leetcode,21749,https://github.com/doocs/leetcode,921
864,RedisInsight/RedisDesktopManager,21740,https://github.com/RedisInsight/RedisDesktopManager,558
865,google/iosched,21730,https://github.com/google/iosched,148
866,1c7/chinese-independent-developer,21714,https://github.com/1c7/chinese-independent-developer,169
867,nothings/stb,21680,https://github.com/nothings/stb,566
868,react-bootstrap/react-bootstrap,21640,https://github.com/react-bootstrap/react-bootstrap,3123
869,apache/skywalking,21611,https://github.com/apache/skywalking,4663
870,facebookresearch/fairseq,21604,https://github.com/facebookresearch/fairseq,1146
871,mozilla/DeepSpeech,21593,https://github.com/mozilla/DeepSpeech,1646
872,python-telegram-bot/python-telegram-bot,21591,https://github.com/python-telegram-bot/python-telegram-bot,1464
873,logseq/logseq,21590,https://github.com/logseq/logseq,2507
874,hwdsl2/setup-ipsec-vpn,21552,https://github.com/hwdsl2/setup-ipsec-vpn,92
875,goldfire/howler.js,21545,https://github.com/goldfire/howler.js,221
876,jellyfin/jellyfin,21533,https://github.com/jellyfin/jellyfin,3965
877,sebastianruder/NLP-progress,21532,https://github.com/sebastianruder/NLP-progress,521
878,telegramdesktop/tdesktop,21522,https://github.com/telegramdesktop/tdesktop,1588
879,MonitorControl/MonitorControl,21511,https://github.com/MonitorControl/MonitorControl,233
880,bevacqua/dragula,21499,https://github.com/bevacqua/dragula,138
881,elixir-lang/elixir,21498,https://github.com/elixir-lang/elixir,7562
882,notable/notable,21493,https://github.com/notable/notable,73
883,wsargent/docker-cheat-sheet,21451,https://github.com/wsargent/docker-cheat-sheet,167
884,jlmakes/scrollreveal,21440,https://github.com/jlmakes/scrollreveal,52
885,chenglou/react-motion,21424,https://github.com/chenglou/react-motion,184
886,penpot/penpot,21416,https://github.com/penpot/penpot,1883
887,openssl/openssl,21414,https://github.com/openssl/openssl,12047
888,backstage/backstage,21405,https://github.com/backstage/backstage,12570
889,vuejs/vuepress,21395,https://github.com/vuejs/vuepress,1131
890,zyedidia/micro,21372,https://github.com/zyedidia/micro,697
891,jaredhanson/passport,21346,https://github.com/jaredhanson/passport,114
892,HeroTransitions/Hero,21344,https://github.com/HeroTransitions/Hero,149
893,datawhalechina/pumpkin-book,21344,https://github.com/datawhalechina/pumpkin-book,59
894,firecracker-microvm/firecracker,21340,https://github.com/firecracker-microvm/firecracker,2224
895,libgdx/libgdx,21338,https://github.com/libgdx/libgdx,3409
896,ogham/exa,21337,https://github.com/ogham/exa,289
897,highlightjs/highlight.js,21334,https://github.com/highlightjs/highlight.js,1776
898,fish-shell/fish-shell,21320,https://github.com/fish-shell/fish-shell,2907
899,google/mediapipe,21306,https://github.com/google/mediapipe,198
900,bitcoinbook/bitcoinbook,21301,https://github.com/bitcoinbook/bitcoinbook,618
901,celery/celery,21284,https://github.com/celery/celery,2845
902,chubin/wttr.in,21279,https://github.com/chubin/wttr.in,277
903,ziglang/zig,21273,https://github.com/ziglang/zig,6845
904,freqtrade/freqtrade,21272,https://github.com/freqtrade/freqtrade,4697
905,ossrs/srs,21261,https://github.com/ossrs/srs,570
906,sdras/awesome-actions,21247,https://github.com/sdras/awesome-actions,496
907,libuv/libuv,21223,https://github.com/libuv/libuv,2121
908,microsoft/api-guidelines,21204,https://github.com/microsoft/api-guidelines,204
909,pugjs/pug,21199,https://github.com/pugjs/pug,832
910,DesignPatternsPHP/DesignPatternsPHP,21197,https://github.com/DesignPatternsPHP/DesignPatternsPHP,369
911,goldbergyoni/javascript-testing-best-practices,21188,https://github.com/goldbergyoni/javascript-testing-best-practices,176
912,TanStack/table,21187,https://github.com/TanStack/table,928
913,onevcat/Kingfisher,21152,https://github.com/onevcat/Kingfisher,699
914,electron-react-boilerplate/electron-react-boilerplate,21143,https://github.com/electron-react-boilerplate/electron-react-boilerplate,1561
915,youzan/vant,21142,https://github.com/youzan/vant,4799
916,trekhleb/homemade-machine-learning,21139,https://github.com/trekhleb/homemade-machine-learning,9
917,validatorjs/validator.js,21136,https://github.com/validatorjs/validator.js,1086
918,taosdata/TDengine,21131,https://github.com/taosdata/TDengine,16936
919,mxgmn/WaveFunctionCollapse,21086,https://github.com/mxgmn/WaveFunctionCollapse,33
920,locustio/locust,21076,https://github.com/locustio/locust,892
921,academic/awesome-datascience,21073,https://github.com/academic/awesome-datascience,333
922,helix-editor/helix,21073,https://github.com/helix-editor/helix,2811
923,tsenart/vegeta,21056,https://github.com/tsenart/vegeta,199
924,tornadoweb/tornado,21055,https://github.com/tornadoweb/tornado,1452
925,apache/flink,21035,https://github.com/apache/flink,21368
926,gfwlist/gfwlist,21035,https://github.com/gfwlist/gfwlist,26
927,v8/v8,21027,https://github.com/v8/v8,65
928,aseprite/aseprite,21006,https://github.com/aseprite/aseprite,453
929,paularmstrong/normalizr,20983,https://github.com/paularmstrong/normalizr,193
930,googlehosts/hosts,20945,https://github.com/googlehosts/hosts,86
931,redisson/redisson,20941,https://github.com/redisson/redisson,512
932,postcss/autoprefixer,20926,https://github.com/postcss/autoprefixer,333
933,directus/directus,20915,https://github.com/directus/directus,5912
934,colinhacks/zod,20915,https://github.com/colinhacks/zod,478
935,dapr/dapr,20901,https://github.com/dapr/dapr,3197
936,lensapp/lens,20886,https://github.com/lensapp/lens,4285
937,rxhanson/Rectangle,20876,https://github.com/rxhanson/Rectangle,212
938,robertdavidgraham/masscan,20873,https://github.com/robertdavidgraham/masscan,156
939,rancher/rancher,20866,https://github.com/rancher/rancher,9471
940,dracula/dracula-theme,20855,https://github.com/dracula/dracula-theme,121
941,gchq/CyberChef,20835,https://github.com/gchq/CyberChef,507
942,leereilly/games,20812,https://github.com/leereilly/games,261
943,refined-github/refined-github,20811,https://github.com/refined-github/refined-github,3021
944,julycoding/The-Art-Of-Programming-By-July-2nd,20807,https://github.com/julycoding/The-Art-Of-Programming-By-July-2nd,322
945,alibaba/Sentinel,20803,https://github.com/alibaba/Sentinel,788
946,git-tips/tips,20774,https://github.com/git-tips/tips,159
947,vercel/turbo,20746,https://github.com/vercel/turbo,2764
948,SwiftGGTeam/the-swift-programming-language-in-chinese,20743,https://github.com/SwiftGGTeam/the-swift-programming-language-in-chinese,812
949,ColorlibHQ/gentelella,20730,https://github.com/ColorlibHQ/gentelella,240
950,termux/termux-app,20719,https://github.com/termux/termux-app,262
951,zadam/trilium,20718,https://github.com/zadam/trilium,244
952,judasn/IntelliJ-IDEA-Tutorial,20705,https://github.com/judasn/IntelliJ-IDEA-Tutorial,74
953,shieldfy/API-Security-Checklist,20705,https://github.com/shieldfy/API-Security-Checklist,133
954,necolas/react-native-web,20673,https://github.com/necolas/react-native-web,685
955,FallibleInc/security-guide-for-developers,20658,https://github.com/FallibleInc/security-guide-for-developers,31
956,2dust/v2rayNG,20648,https://github.com/2dust/v2rayNG,175
957,requarks/wiki,20638,https://github.com/requarks/wiki,527
958,facebookresearch/faiss,20638,https://github.com/facebookresearch/faiss,686
959,flameshot-org/flameshot,20632,https://github.com/flameshot-org/flameshot,930
960,bazelbuild/bazel,20625,https://github.com/bazelbuild/bazel,6176
961,MustangYM/WeChatExtension-ForMac,20624,https://github.com/MustangYM/WeChatExtension-ForMac,72
962,ChristosChristofidis/awesome-deep-learning,20621,https://github.com/ChristosChristofidis/awesome-deep-learning,187
963,jenkinsci/jenkins,20598,https://github.com/jenkinsci/jenkins,7730
964,ruanyf/es6tutorial,20593,https://github.com/ruanyf/es6tutorial,602
965,google/ExoPlayer,20592,https://github.com/google/ExoPlayer,1138
966,iawia002/lux,20576,https://github.com/iawia002/lux,287
967,vnpy/vnpy,20572,https://github.com/vnpy/vnpy,1420
968,kdeldycke/awesome-falsehood,20555,https://github.com/kdeldycke/awesome-falsehood,115
969,js-cookie/js-cookie,20551,https://github.com/js-cookie/js-cookie,255
970,labmlai/annotated_deep_learning_paper_implementations,20538,https://github.com/labmlai/annotated_deep_learning_paper_implementations,78
971,changkun/modern-cpp-tutorial,20524,https://github.com/changkun/modern-cpp-tutorial,136
972,javascript-tutorial/en.javascript.info,20522,https://github.com/javascript-tutorial/en.javascript.info,2520
973,ai/nanoid,20495,https://github.com/ai/nanoid,201
974,jhipster/generator-jhipster,20469,https://github.com/jhipster/generator-jhipster,14416
975,JohnCoates/Aerial,20436,https://github.com/JohnCoates/Aerial,263
976,OpenBB-finance/OpenBBTerminal,20434,https://github.com/OpenBB-finance/OpenBBTerminal,2882
977,forem/forem,20418,https://github.com/forem/forem,13333
978,Meituan-Dianping/mpvue,20416,https://github.com/Meituan-Dianping/mpvue,101
979,vadimdemedes/ink,20396,https://github.com/vadimdemedes/ink,258
980,zhaoolee/ChromeAppHeroes,20387,https://github.com/zhaoolee/ChromeAppHeroes,15
981,winstonjs/winston,20378,https://github.com/winstonjs/winston,864
982,SergioBenitez/Rocket,20369,https://github.com/SergioBenitez/Rocket,697
983,go-delve/delve,20360,https://github.com/go-delve/delve,1755
984,go-kratos/kratos,20360,https://github.com/go-kratos/kratos,1692
985,derailed/k9s,20359,https://github.com/derailed/k9s,588
986,apache/mxnet,20358,https://github.com/apache/mxnet,10906
987,PostgREST/postgrest,20339,https://github.com/PostgREST/postgrest,1047
988,go-micro/go-micro,20320,https://github.com/go-micro/go-micro,1567
989,avajs/ava,20307,https://github.com/avajs/ava,1371
990,camsong/You-Dont-Need-jQuery,20296,https://github.com/camsong/You-Dont-Need-jQuery,182
991,Seldaek/monolog,20293,https://github.com/Seldaek/monolog,1030
992,petkaantonov/bluebird,20280,https://github.com/petkaantonov/bluebird,501
993,SamyPesse/How-to-Make-a-Computer-Operating-System,20273,https://github.com/SamyPesse/How-to-Make-a-Computer-Operating-System,55
994,futurice/android-best-practices,20254,https://github.com/futurice/android-best-practices,101
995,WeNeedHome/SummaryOfLoanSuspension,20235,https://github.com/WeNeedHome/SummaryOfLoanSuspension,507
996,jumpserver/jumpserver,20235,https://github.com/jumpserver/jumpserver,5266
997,eligrey/FileSaver.js,20229,https://github.com/eligrey/FileSaver.js,131
998,Molunerfinn/PicGo,20209,https://github.com/Molunerfinn/PicGo,35
999,benweet/stackedit,20202,https://github.com/benweet/stackedit,116
1000,osquery/osquery,20190,https://github.com/osquery/osquery,4775
